,RCT/CP,RCT/PT
mean,2.2749938157369285,0.7302057648123734
std,0.5389294249198875,0.0037142780581199343
min,1.0451287935163016,0.7217572522487875
25%,1.8566774015906276,0.7276486775398345
50%,2.307373466021965,0.7302185254453394
75%,2.6869142053491637,0.7327889680760016
max,3.2817710473696424,0.7380763606707867
