Endividamento,Teste,Estatística,Valor p
RCT/CP,Teste t,-6.123137452554753,1.8574142130153247e-08
RCT/CP,Teste H,26.908293380994706,2.1334145663136313e-07
RCT/PT,Teste t,-4.834199676455325,4.897984426071498e-06
RCT/PT,Teste H,19.450968465343326,1.032154903508799e-05
