,RCT/CP,RCT/PT
mean,1.8140301157693615,0.6737938589250039
std,2.1559271225246577,0.007137391969691291
min,-3.2397510887687324,0.6663257174989967
25%,2.0738345832898797,0.6676918353120445
50%,2.6752447934981447,0.673158661698155
75%,2.874285259505216,0.6782400103357744
max,3.248519572310443,0.6859729487474264
