Endividamento,Teste,Estatística,Valor p
RCT/CP,Teste t,-11.165460315528186,4.5710999207437796e-15
RCT/CP,Teste H,61.11767453583131,5.376330697158708e-15
RCT/PT,Teste t,-10.610292271104635,2.7156658722368132e-14
RCT/PT,Teste H,66.85053359256854,2.928929429425617e-16
