,RCT/CP,RCT/PT
mean,1.8449430259781427,0.5955534090058765
std,0.11317354645976656,0.021240852405817447
min,1.5061728983835636,0.5417918541177675
25%,1.7848700217599025,0.5790673931438712
50%,1.8460463436520946,0.5999382695639093
75%,1.9213228464716132,0.6126461200269295
max,2.1401515589119864,0.6451812922501117
