,RCT/CP,RCT/PT
mean,1.6437977081379167,0.4959533337336513
std,0.03431781324894057,0.0027831387681828733
min,1.5855295646844008,0.4900931535681438
25%,1.6139846581295507,0.49400295259583216
50%,1.6444774837636995,0.4958675639313799
75%,1.6691791876796418,0.4979089071469843
max,1.6990793368840849,0.5011979634299726
