Endividamento,Teste,Estatística,Valor p
RCT/CP,Teste t,-2.622813871555064,0.011589865943979712
RCT/CP,Teste H,4.775886800604868,0.028860978349952403
RCT/PT,Teste t,-24.408169068796518,4.473671478012903e-29
RCT/PT,Teste H,74.26277319698987,6.838093160188864e-18
