,RCT/CP,RCT/PT
mean,0.7269419544554511,0.41932502211012623
std,0.034646877080478686,0.010567405208237684
min,0.6346097591688422,0.38940328634520704
25%,0.708263892319041,0.4126836825926516
50%,0.7276338809272453,0.41963041029962056
75%,0.7481013214454244,0.4280263293198906
max,0.8423568328074429,0.4395220637053987
