,RCT/CP,RCT/PT
mean,0.7277222835034654,0.4196554424604048
std,0.09408019177200051,0.032517641818240496
min,0.5747848042977743,0.36499260262679606
25%,0.6730336652181148,0.40203320565974254
50%,0.75235484501537,0.4293383718837966
75%,0.7906418951285492,0.4415372534725912
max,0.8485883458471095,0.4590466816224824
