,RCT/CP,RCT/PT
mean,1.107933791513347,0.4924473985565933
std,0.2536502437902151,0.050164200083415246
min,0.8379052696270244,0.43708766255414877
25%,0.852548326534622,0.4416820968418297
50%,1.1152484969637666,0.4971903625606064
75%,1.288439356928028,0.5260117717817787
max,1.479830264263388,0.5666722068108461
