Endividamento,Teste,Estatística,Valor p
RCT/CP,Teste t,-1.4133411986211595,0.16387689606358175
RCT/CP,Teste H,0.38497590600039994,0.5349521727667825
RCT/PT,Teste t,-2.426122468935839,0.018987854667151333
RCT/PT,Teste H,4.989078165692542,0.025507794045557163
