,RCT/CP,RCT/PT
mean,5.439162880964895,0.6619442516422412
std,2.1511441825363824,0.00795683863151216
min,0.05130852677563702,0.6455227530457257
25%,4.078040773177921,0.656805808470483
50%,5.427651526087718,0.6610038879036644
75%,6.766882395330865,0.6667167922587172
max,11.10182666023633,0.6816035350998486
