,RCT/CP,RCT/PT
mean,1.7690222019499668,0.6165677657405614
std,0.13008634142362852,0.017276081939088313
min,1.434062039826872,0.581238088764423
25%,1.681972457391013,0.6051136547139772
50%,1.7795655434927746,0.6172644666291132
75%,1.8482879650078452,0.6313608427764086
max,2.0870959495696018,0.6587001079913825
