,RCT/CP,RCT/PT
mean,2.302359480540978,0.7304453237377753
std,0.7339605865702341,0.005711814179509217
min,0.3431391851805456,0.717151521026271
25%,1.67263288368319,0.7264282073172077
50%,2.6082857560539283,0.7313853056560564
75%,2.8801081014276213,0.7349169255593813
max,3.2376167068977564,0.7413646555478081
