Endividamento,Teste,Estatística,Valor p
RCT/CP,Teste t,-7.151130637721084,3.87070920451791e-09
RCT/CP,Teste H,35.23405698648554,2.9236574379984276e-09
RCT/PT,Teste t,-12.044166222618749,2.952925368760002e-16
RCT/PT,Teste H,70.04431194642467,5.798709896166304e-17
