,RCT/CP,RCT/PT
mean,5.145169589988528,0.7515001662459097
std,0.7958734493214166,0.004573943864163854
min,4.1377241901701325,0.7411384816637934
25%,4.372279710242567,0.7482035736745016
50%,5.123913131351333,0.751797087564862
75%,5.3813064645755535,0.7548081377660264
max,7.516394341476323,0.7640137074509716
