Endividamento,Teste,Estatística,Valor p
RCT/CP,Teste t,-30.17643320860651,2.593902573849608e-33
RCT/CP,Teste H,74.26009937351478,6.847361355136621e-18
RCT/PT,Teste t,-28.692629205274148,2.6950591480004164e-32
RCT/PT,Teste H,74.26589290108082,6.827295283880925e-18
