Endividamento,Teste,Estatística,Valor p
RCT/CP,Teste t,-15.674540267344549,1.0063297908419028e-20
RCT/CP,Teste H,74.2614362611842,6.842725771387921e-18
RCT/PT,Teste t,-36.63766822107543,2.8704700439589003e-37
RCT/PT,Teste H,74.258762533979,6.851999913232877e-18
