,RCT/CP,RCT/PT
mean,1.1639572553932074,0.5094480005719236
std,0.09934260916611504,0.03168115672774155
min,0.9489265868908368,0.42928975898053123
25%,1.0971574230523016,0.4890401954104225
50%,1.1599634653791857,0.5118195919023056
75%,1.2286374530657158,0.5294993017842459
max,1.410650132663158,0.5727733733855056
