,RCT/CP,RCT/PT
mean,1.3496031700009357,0.4648658634551466
std,0.2341895935428192,0.04172087844637134
min,1.0539468170387394,0.4094098451952437
25%,1.1067453707885966,0.42371083679545074
50%,1.432334217789606,0.4753397472294222
75%,1.4786728680742114,0.4931687505916354
max,1.6734265607293102,0.5169290118892107
