Endividamento,Teste,Estatística,Valor p
RCT/CP,Teste t,-7.012302848167777,6.348973734323444e-09
RCT/CP,Teste H,31.87832436227474,1.641386128084157e-08
RCT/PT,Teste t,7.698258051640784,5.542591203810994e-10
RCT/PT,Teste H,37.98554449385204,7.127073087122789e-10
