Endividamento,Teste,Estatística,Valor p
RCT/CP,Teste t,-8.848682757045157,9.92100242178693e-12
RCT/CP,Teste H,38.06988550442859,6.825550883551547e-10
RCT/PT,Teste t,6.910710445342989,9.121780576741051e-09
RCT/PT,Teste H,34.58089016640363,4.0890086751029585e-09
