Endividamento,Teste,Estatística,Valor p
RCT/CP,Teste t,-8.36434271752287,5.325991073162102e-11
RCT/CP,Teste H,41.99614731422192,9.145342657897786e-11
RCT/PT,Teste t,-8.481535830369959,3.5396211071374125e-11
RCT/PT,Teste H,37.57108235294118,8.814157059162544e-10
