Endividamento,Teste,Estatística,Valor p
RCT/CP,Teste t,-24.701577066088316,4.04430215540172e-44
RCT/CP,Teste H,141.59385762801355,1.193129291336819e-32
RCT/PT,Teste t,-23.697805040940576,1.3644802029633819e-42
RCT/PT,Teste H,147.29107782172093,6.777984580967708e-34
