,RCT/CP,RCT/PT
mean,1.594624894424581,0.486900432533744
std,0.036606872627796806,0.0029320027361979892
min,1.489757042205544,0.47657851744726776
25%,1.5677382905214627,0.48519783079330814
50%,1.5995146483274172,0.4872779818150314
75%,1.6173413088757687,0.4887648918332055
max,1.6794622553304894,0.4919860109586335
