,RCT/CP,RCT/PT
mean,1.6166132475256814,0.7235525598269562
std,0.5444232382652875,0.020895576536588974
min,-0.7170587552825564,0.6824953050789734
25%,1.485157337150409,0.7101730653452696
50%,1.7531560698246125,0.7253623610086083
75%,1.9243961194813437,0.7381352297975282
max,2.359208467942622,0.7655685093828704
