,RCT/CP,RCT/PT
mean,1.6500009160939593,0.4970054649287099
std,0.02518435271513684,0.002031405117286508
min,1.5996228334441724,0.4925114634262302
25%,1.6309057755279561,0.4955749474383428
50%,1.6493502267842546,0.496724836308534
75%,1.664082652530232,0.49841139684359315
max,1.7120164485274136,0.502107496213636
