,RCT/CP,RCT/PT
mean,1.5989583541131567,0.4863935993213472
std,0.10668329991845205,0.008863318254949083
min,1.3990770653745097,0.46736412750439366
25%,1.5656926793568349,0.4853036508595896
50%,1.5999878258810702,0.48872553301334387
75%,1.6835458829436147,0.49259253048033946
max,1.7295321105428216,0.4940088511564508
