,RCT/CP,RCT/PT
mean,1.5542267511713437,0.7255548900499131
std,1.0830069860571812,0.04670821177773742
min,-0.7170587552825564,0.6574114720905245
25%,1.4316169181585243,0.6893926839630848
50%,1.8289017899879167,0.7370583742099914
75%,1.9396475818708003,0.7664302149457674
max,3.0007381254433607,0.7730204710236678
