,RCT/CP,RCT/PT
mean,5.555698512334699,0.6632156554111988
std,7.013325713896167,0.022261299562917017
min,-1.7489305922855678,0.6387808685045915
25%,1.613018599183796,0.6476973855867865
50%,2.3188593442800185,0.6577233201414536
75%,8.02459525351542,0.6720082852394313
max,19.297363877975368,0.7016110087568391
