Endividamento,Teste,Estatística,Valor p
RCT/CP,Teste t,-15.215425598298324,3.385568949197237e-20
RCT/CP,Teste H,74.25920814180957,6.850453396606697e-18
RCT/PT,Teste t,-16.518148451866246,1.151577105998704e-21
RCT/PT,Teste H,73.90363515256982,8.20251170191721e-18
