,RCT/CP,RCT/PT
mean,1.827511098372972,0.6736300818393448
std,0.7521167144560486,0.0023880254053135403
min,-0.6681724367429358,0.6679928521691605
25%,1.1587090985488673,0.6720465099355913
50%,1.9850026109690564,0.6737412729139018
75%,2.4528624022304553,0.6749754223750583
max,2.981535633688643,0.6796415623197034
