,RCT/CP,RCT/PT
mean,1.4674344155657866,0.5592217841663756
std,0.19851830962151673,0.028364624322436745
min,1.1576706822466676,0.5265342029028861
25%,1.3481146788385836,0.5363180616618124
50%,1.4710198167503272,0.55796490843663
75%,1.592441751724186,0.5789985409959935
max,1.747274025300306,0.6037729150905932
