,RCT/CP,RCT/PT
mean,1.4488161974742377,0.47590260406750196
std,0.3811163078698644,0.05352431187140586
min,1.126607367874609,0.4305502350262917
25%,1.2405017758759067,0.43791572731743195
50%,1.3034198615964279,0.4569691140007268
75%,1.5038088287047156,0.493306220712539
max,2.295746167264471,0.574508754453799
