Endividamento,Teste,Estatística,Valor p
RCT/CP,Teste t,-28.49866880009642,3.689012580352113e-32
RCT/CP,Teste H,74.26099062661272,6.8442706355987204e-18
RCT/PT,Teste t,-30.539978387945066,1.4850037803060269e-33
RCT/PT,Teste H,74.26188190110416,6.8411812374603616e-18
