,RCT/CP,RCT/PT
mean,1.0903259406154135,0.492981041680125
std,0.12281650113006067,0.026226339337270105
min,0.8441417132150126,0.4399410699276426
25%,1.0040897948914396,0.47075249890053616
50%,1.0855266264813916,0.49067292996098966
75%,1.1928899995569857,0.5161289140088002
max,1.352377524206948,0.5413491415627553
