,RCT/CP,RCT/PT
mean,1.7749819287657298,0.4911710778587968
std,1.4645493413385797,0.06866781466950415
min,0.8574403864681336,0.38438898234937224
25%,1.1228946125431334,0.4534446762876484
50%,1.3635944257147918,0.5225669432456246
75%,1.5959267687968655,0.5294793644737672
max,5.3251959633727175,0.5664259894115037
