,RCT/CP,RCT/PT
mean,5.213777029546878,0.6632870180807025
std,2.7725549514148713,0.010162238772221525
min,0.7548182596939339,0.6412708497737746
25%,3.051744301338095,0.6560896583960003
50%,5.241035060256424,0.6626742086996029
75%,7.078218890568628,0.6699960640512557
max,12.725630713146257,0.6899501970186079
