,RCT/CP,RCT/PT
mean,0.7760379704499796,0.4373004639477314
std,0.011290846184347841,0.004196735995748178
min,0.7503347755117075,0.42900953488798416
25%,0.7694073857408749,0.4341411354890845
50%,0.7749953750506143,0.43669589304167855
75%,0.7818372592926328,0.4404196306364396
max,0.8065785884547252,0.44798040577697906
