,RCT/CP,RCT/PT
mean,2.169171732272543,0.6485653287234647
std,0.31948229387160504,0.02037942124053982
min,1.890090508738612,0.6263724008830961
25%,1.976269495487858,0.6335019273074125
50%,2.0356012417285667,0.6435174931635907
75%,2.252235458106685,0.6614915982203252
max,2.8167856260306907,0.682321790167866
