,RCT/CP,RCT/PT
mean,1.4458121738456753,0.4742561534080734
std,0.1298720705150132,0.01568503631001124
min,1.202233850900548,0.4414921629942567
25%,1.3479012467135798,0.4625337146154914
50%,1.4349092831418324,0.4737415743471308
75%,1.5349946226315452,0.48455120537078555
max,1.8192226314378188,0.5143955348911377
