,RCT/CP,RCT/PT
mean,1.691506038316399,0.8233419853562269
std,0.1424202315820848,0.013107008318493171
min,1.3769577572090317,0.7971601501120815
25%,1.5879820495501051,0.8152778722975452
50%,1.688354244317563,0.8221034710324117
75%,1.7960956272464805,0.8324471659338964
max,2.0101611287495578,0.857135892570598
