Endividamento,Teste,Estatística,Valor p
RCT/CP,Teste t,-11.361462120506635,1.2071427796890435e-19
RCT/CP,Teste H,94.56976502609695,2.366047938726508e-22
RCT/PT,Teste t,-27.515960438552188,3.56799667981869e-48
RCT/PT,Teste H,149.25406717333047,2.5235128500228185e-34
