,RCT/CP,RCT/PT
mean,1.1614527287933225,0.5066328232281091
std,0.07601945328264811,0.021992753393423558
min,0.9879964978491409,0.42953490256525373
25%,1.0991171831771516,0.493647433844695
50%,1.167512172274544,0.5088411538465758
75%,1.2126684031541712,0.5218753811468977
max,1.3190900436167503,0.549043052433481
