,RCT/CP,RCT/PT
mean,1.3521827252561562,0.4638839885489081
std,0.07900653156281705,0.012715941002772794
min,1.1685753104374943,0.43304281650389187
25%,1.2989879121777101,0.45600559095037907
50%,1.3626412406438708,0.46459483221348485
75%,1.4085587160414295,0.4722321402943512
max,1.5024312328891654,0.49320199867491266
