Endividamento,Teste,Estatística,Valor p
RCT/CP,Teste t,4.82986922747735,1.3829311904446331e-05
RCT/CP,Teste H,16.93896101246375,3.8601129371825466e-05
RCT/PT,Teste t,-2.3258876827144515,0.02420618265731179
RCT/PT,Teste H,4.685919205011923,0.030410788955310523
