,RCT/CP,RCT/PT
mean,4.931328952125582,0.7513283998984344
std,0.9649282464125113,0.00710216876834773
min,4.121412059338872,0.738996563856493
25%,4.298301774715702,0.746013183504341
50%,4.436808816788954,0.7493557500844155
75%,5.856178705272184,0.7557805407361964
max,7.626591004432,0.7700000523764519
