Endividamento,Teste,Estatística,Valor p
RCT/CP,Teste t,-15.696704335021504,9.496584692708742e-21
RCT/CP,Teste H,74.26054499738962,6.845815830159403e-18
RCT/PT,Teste t,-16.50942400208311,1.1772174502252842e-21
RCT/PT,Teste H,73.90585261641861,8.193302558190077e-18
