,RCT/CP,RCT/PT
mean,1.4617916725835152,0.5591900681916858
std,0.09523948169074477,0.01396636100902742
min,1.2822181443742822,0.5274214518852332
25%,1.399630780097229,0.5521022387380773
50%,1.459953019233295,0.5576638309990707
75%,1.5354575031659543,0.5676462375164284
max,1.703486584548871,0.5916509051353795
