Endividamento,Teste,Estatística,Valor p
RCT/CP,Teste t,14.534056394816933,2.6883080339472015e-26
RCT/CP,Teste H,119.82337345186635,6.915165339066965e-28
RCT/PT,Teste t,-5.177695371671079,1.1813463747514636e-06
RCT/PT,Teste H,29.60917277307851,5.2854225617328994e-08
