,RCT/CP,RCT/PT
mean,1.6877884046785423,0.495310651134573
std,0.6436918779021803,0.036006233758680714
min,0.9454929570806355,0.4086414385268554
25%,1.238140611541472,0.4786566673958593
50%,1.3862273966424448,0.4998644281715994
75%,2.241022588959361,0.5232095008626849
max,4.3089134216100575,0.5501209885081448
