,RCT/CP,RCT/PT
mean,3.4544853770292883,0.6393375279083968
std,0.8885654043602529,0.008497421543609157
min,1.8294949998558534,0.611889303239909
25%,2.7010154729517373,0.6349624751578222
50%,3.5046502385665095,0.641326220059297
75%,4.180708524141397,0.6450501247421123
max,5.442740733934607,0.6529617879871852
