,RCT/CP,RCT/PT
mean,1.7978738707035213,0.6187004478834767
std,0.30005022834745526,0.032692365752910284
min,1.4068425340958124,0.5767779349611649
25%,1.5860462032011737,0.585768498217608
50%,1.8178330230293538,0.6256727586979998
75%,1.9229964249769185,0.6379128484750518
max,2.262917037240586,0.6637991108601222
