Endividamento,Teste,Estatística,Valor p
RCT/CP,Teste t,-13.911272235915408,5.00669330385858e-25
RCT/CP,Teste H,109.97835540901761,9.906655976541534e-26
RCT/PT,Teste t,-15.804034914095144,7.984468379093784e-29
RCT/PT,Teste H,131.7132804116133,1.7286733141388012e-30
