,RCT/CP,RCT/PT
mean,1.616105504004392,0.8211438513616599
std,0.23745681562426132,0.016087520978521723
min,1.1769565992429096,0.792360141616554
25%,1.4387877125820854,0.8079848081760079
50%,1.636709447046806,0.8228471350563709
75%,1.7346624023453563,0.8322807965080063
max,2.142863894356387,0.8614692792925583
