Endividamento,Teste,Estatística,Valor p
RCT/CP,Teste t,-15.667165949951434,1.0259378534290892e-20
RCT/CP,Teste H,74.26099062661272,6.8442706355987204e-18
RCT/PT,Teste t,-30.92731223984107,8.250822501360808e-34
RCT/PT,Teste H,74.26009937351478,6.847361355136621e-18
