,RCT/CP,RCT/PT
mean,3.6225367397499526,0.6386287354679873
std,0.7061238057623256,0.006452759838495429
min,2.094761161743563,0.6245161659407019
25%,3.1370389061961017,0.6346486995883265
50%,3.5362456745622985,0.6397281553307916
75%,4.104138590657964,0.6431638392048402
max,5.378602635628427,0.6508540351362673
