,RCT/CP,RCT/PT
mean,0.778448119980326,0.4374911463668965
std,0.03890011148059646,0.012119282549473531
min,0.7433292567838397,0.42638489194815776
25%,0.7496533090528745,0.4284577418308705
50%,0.7685414255572223,0.434515021354047
75%,0.7937670391684839,0.44250925504058247
max,0.8447437647266758,0.45791929528588826
