,RCT/CP,RCT/PT
mean,1.79383516774262,0.5973240173563614
std,0.16618584936165653,0.031560986129412494
min,1.4885741230600527,0.5375010593578871
25%,1.6742577242948702,0.5733780953327802
50%,1.78837821028092,0.6014897697739243
75%,1.9225733186858882,0.6255285255557583
max,2.1140451648796574,0.6702418183128065
