Endividamento,Teste,Estatística,Valor p
RCT/CP,Teste t,-3.0457240717634706,0.0029747916181020024
RCT/CP,Teste H,3.888074144242814,0.04863015744679194
RCT/PT,Teste t,-48.80192544305346,4.622028166693492e-71
RCT/PT,Teste H,149.2545149490772,2.5229441939041866e-34
