,RCT/CP,RCT/PT
mean,2.1636217231064294,0.6473904237981435
std,0.1721432354171369,0.008232746132180412
min,1.929539310278163,0.633075820118325
25%,2.0167667656654737,0.641140738452443
50%,2.1541576041331276,0.6466182091497412
75%,2.2376905132342064,0.6544769002687454
max,2.5955218017372124,0.6673796045764813
