,RCT/CP,RCT/PT
mean,2.3066420095282663,0.7308713816980872
std,1.6015953651591714,0.01235662054945968
min,-1.388705715537457,0.7053656601829843
25%,2.220000575188566,0.7309199642410833
50%,2.568790802484087,0.7331418801513492
75%,3.3005836594584075,0.7339051752754164
max,3.674624336144027,0.7495874309442669
