LPA,Teste,Estatística,Valor p
LPA,Teste t,-8.866525273736196,3.231622734712343e-14
LPA,Teste H,22.12313432835822,2.557095132558233e-06
