LPA,Teste,Estatística,Valor p
LPA,Teste t,-11.027772026059838,6.356853225013419e-19
LPA,Teste H,89.64572409598162,2.8486380034568677e-21
