LPA,Teste,Estatística,Valor p
LPA,Teste t,16.398840478639126,5.6047382454175324e-30
LPA,Teste H,139.16169552238796,4.060087179949217e-32
