LPA,Teste,Estatística,Valor p
LPA,Teste t,9.457777346421292,1.6671726330636864e-15
LPA,Teste H,65.60751026028724,5.502866195666594e-16
