LPA,Teste,Estatística,Valor p
LPA,Teste t,9.755297306383877,3.740198922420783e-16
LPA,Teste H,59.427193211409886,1.269033195109566e-14
