LPA,Teste,Estatística,Valor p
LPA,Teste t,23.176089825497602,8.858345107302182e-42
LPA,Teste H,147.94352094094552,4.880644573409805e-34
