LPA,Teste,Estatística,Valor p
LPA,Teste t,5.114736978122039,1.5390234275647374e-06
LPA,Teste H,18.34640494894607,1.8416616665068023e-05
