LPA,Teste,Estatística,Valor p
LPA,Teste t,-20.890053599849217,4.581874468176312e-38
LPA,Teste H,139.39280027840792,3.6140676764171217e-32
