LPA,Teste,Estatística,Valor p
LPA,Teste t,49.67630911326797,8.530410993206135e-72
LPA,Teste H,149.25373134328356,2.523939423990366e-34
