,ROA,ROE
mean,0.032753266724811686,0.07300500650318742
std,0.007447155286930637,0.02402168292228917
min,0.015478134165372363,0.02609162458708561
25%,0.02765178092341603,0.0572581434725905
50%,0.03307185845478661,0.07192570298008105
75%,0.039135536092698486,0.08273542395172946
max,0.04904057837291465,0.12611785538750342
