,ROA,ROE
mean,0.005428798430682062,0.05869446712966145
std,0.0031517299901956024,0.05277223061575404
min,-0.00017119236547258896,-0.03729512298764068
25%,0.002942601793256261,0.019990100174062997
50%,0.004929373823542858,0.050490160070268394
75%,0.008207791159843584,0.10297894977236054
max,0.011203063439571592,0.19680188987894842
