,ROA,ROE
mean,0.03185701080782915,0.043919822354562606
std,0.016929600234763153,0.043442834208608214
min,0.008573004294929194,-0.035143587267446846
25%,0.02218352158755575,0.015367959667718919
50%,0.030701068476958464,0.06502885393455046
75%,0.04180377674325289,0.07278827665952517
max,0.05906160430868767,0.08892389881385646
