,ROA,ROE
mean,0.020786834418473153,0.002490106022711054
std,0.03776763786491921,0.12707421705786598
min,-0.01720022666277844,-0.20233695374208346
25%,-0.011826980548707726,-0.07707040114634439
50%,0.01502512849050891,0.015834809340615704
75%,0.04598073551958626,0.10507548460877797
max,0.0835537224682877,0.16492239938945855
