Rentabilidade,Teste,Estatística,Valor p
ROA,Teste t,-2.29704381981965,0.025928732330690797
ROA,Teste H,4.897144948843339,0.026901135886143485
ROE,Teste t,-4.736210674897968,1.8994304011787534e-05
ROE,Teste H,18.034742887319286,2.1690999672637652e-05
