Rentabilidade,Teste,Estatística,Valor p
ROA,Teste t,21.901941325933926,5.836553387876336e-27
ROA,Teste H,73.78825189932671,8.696263308930671e-18
ROE,Teste t,17.160697077028793,2.325763118017652e-22
ROE,Teste H,72.37164189314879,1.7825716751439563e-17
