Rentabilidade,Teste,Estatística,Valor p
ROA,Teste t,-1.6704178465225117,0.10121323403807025
ROA,Teste H,2.0958918905944106,0.14769550056436573
ROE,Teste t,-2.934637361348473,0.005070128951727694
ROE,Teste H,7.718771745587833,0.0054649563842178416
