,ROA,ROE
mean,0.0322439452655338,0.08937763305625814
std,0.008048801931676113,0.027201851369255754
min,0.01751480954113968,0.03693151791741926
25%,0.026257170575637017,0.06866538961210929
50%,0.031407568105494714,0.08930596201499683
75%,0.03882461815084748,0.10901516810144865
max,0.05051820738622515,0.14250358198988972
