,ROA,ROE
mean,0.03320483987528515,0.05236213798346558
std,0.014184350329712409,0.023363684601049612
min,0.010153095174668737,-0.00128622459374486
25%,0.024004732647721513,0.03837929925948765
50%,0.030321228581331433,0.05182672486300384
75%,0.042830590514523356,0.07080592152162207
max,0.06355576421636304,0.10157362374480984
