,ROA,ROE
mean,0.04485486117816448,0.0460404608143059
std,0.009643487569660367,0.015343999830543418
min,0.026514475487855384,0.010844900384740381
25%,0.036507380265691454,0.03386736117189134
50%,0.04559817668541226,0.04862119546153662
75%,0.05225975798108104,0.058329501429085495
max,0.06429851833000363,0.07273939549310159
