,ROA,ROE
mean,0.02953615769906426,0.07455584725340336
std,0.008782314930107959,0.02163777961195186
min,0.014320761023610695,0.03939412939821448
25%,0.022662333083144623,0.05820300483144483
50%,0.029300963638404474,0.07380633404984333
75%,0.036336677049883435,0.0885417417436833
max,0.04651594693799319,0.11967510473148338
