,ROA,ROE
mean,0.039791252890048305,0.18677510148903043
std,0.03165569956838832,0.11986734574178887
min,-0.010040316282266336,-0.005994039307883823
25%,0.019194962779098015,0.12697096630502136
50%,0.038105864016006255,0.19121100637434305
75%,0.06077006265593169,0.25821151119101143
max,0.0898525470626243,0.3573070124067701
