,ROA,ROE
mean,0.01836534716604639,0.06813936592216016
std,0.007900407935040982,0.09159946857371283
min,0.0019641570940222438,-0.13275462797513693
25%,0.010982983053891053,-0.012310777966213823
50%,0.01881722341819373,0.06651317928298486
75%,0.025039171850936882,0.1421233270424471
max,0.032657121967224485,0.24139346966614755
