,ROA,ROE
mean,0.03971928640200337,0.19080014923378422
std,0.013688174463549783,0.06393744140009086
min,0.01243214645703563,0.04991023448483352
25%,0.02885970938964028,0.1431473183116564
50%,0.03919724953055916,0.1877313647213602
75%,0.048458287200953555,0.23336287659110577
max,0.06851968658510899,0.31945089701344076
