,ROA,ROE
mean,0.0055417440335840985,0.006561277340449479
std,0.01406590863793544,0.028645872361515803
min,-0.021545677569954326,-0.03101591937953174
25%,-0.005797165698806222,-0.01485953929330703
50%,0.005094065384140416,0.0030172600392247484
75%,0.01650225468044141,0.01708206554101009
max,0.03414267433426775,0.08093598988705346
