,ROA,ROE
mean,0.05912026585203745,0.09673080090427823
std,0.016654461925092838,0.023055908475167898
min,0.028806878727571247,0.04875518152983145
25%,0.04930692233922868,0.08078414827958703
50%,0.05918804047349878,0.09350565887891013
75%,0.07166706390996411,0.11334033153744758
max,0.10493085444061659,0.1489143174515011
