,ROA,ROE
mean,0.0056824207203005446,0.04836806906684367
std,0.006710725381622347,0.11106787707057039
min,-0.0013724107901765448,-0.11403154716593827
25%,0.0011543638737343469,0.006031786304589039
50%,0.0036589738776062856,0.022258036803453993
75%,0.00860051776013062,0.08800981910102751
max,0.019345461296251462,0.25783568897197096
