,ROA,ROE
mean,0.03368286743095793,0.0509908520611177
std,0.02759298521715562,0.06655126049389411
min,0.003995620427895597,-0.0037448236114580548
25%,0.01644216708957127,0.003878282238240354
50%,0.025301436392245844,0.023365027872756114
75%,0.045627166381127154,0.07927502141776784
max,0.08145508767370795,0.1903742877999
