,ROA,ROE
mean,0.02312475753429126,0.03969173802394643
std,0.01649427449219191,0.03332213132093202
min,0.006526019046601886,0.007189853998752934
25%,0.010565695120188023,0.01354928285926486
50%,0.01952137479017421,0.02938278007964118
75%,0.03212285410407708,0.07012647528979786
max,0.04927596080655994,0.08021585650665382
