,ROA,ROE
mean,-0.008705892533703286,0.046509847661305316
std,0.004709240099637601,0.026016471336989293
min,-0.019404213877829715,-0.016358560949589672
25%,-0.011289214771894228,0.031580800011534016
50%,-0.008349187583184989,0.0467256076986801
75%,-0.006024177590943048,0.06263660406237215
max,0.0015711471999040965,0.10199851192210624
