,ROA,ROE
mean,-0.009314243801520728,0.0464200250473106
std,0.004960456116768858,0.019764765905922604
min,-0.021695689152867376,-0.0022187837635462213
25%,-0.011895635066981764,0.035231255465868534
50%,-0.009448786318527013,0.047374716356019184
75%,-0.006286388164202106,0.05747396124088058
max,0.0014982999025631438,0.08899506292913299
