,ROA,ROE
mean,0.040356332620784224,0.06061371819688238
std,0.0068032456248817786,0.013557352099733442
min,0.021388460490133637,0.027583514455272462
25%,0.03523499170779628,0.05165613735193624
50%,0.04064858741025786,0.059344862719468455
75%,0.04503851428749678,0.06888688704262524
max,0.05246133741712158,0.08976370801583414
