Rentabilidade,Teste,Estatística,Valor p
ROA,Teste t,11.03471755114547,6.92998816691864e-15
ROA,Teste H,56.158492042535855,6.685820512152631e-14
ROE,Teste t,9.908025003985845,2.733371512855774e-13
ROE,Teste H,51.50476188190111,7.14236487943027e-13
