Rentabilidade,Teste,Estatística,Valor p
ROA,Teste t,-1.798983936036942,0.07818142377101063
ROA,Teste H,2.3846878375458855,0.12252936606117014
ROE,Teste t,-0.1086627996354149,0.9139137132398998
ROE,Teste H,0.7545708884687621,0.38503290788176814
