Rentabilidade,Teste,Estatística,Valor p
ROA,Teste t,-14.423767590931437,2.9049917199726844e-19
ROA,Teste H,67.3034367292563,2.327752669442262e-16
ROE,Teste t,-1.788750164682952,0.07983783747997233
ROE,Teste H,8.463702743573103,0.003623035550901318
