,ROA,ROE
mean,0.04240242149536532,0.06146677094720889
std,0.007516067749433659,0.012986242042244254
min,0.023393644424662983,0.03320076641931658
25%,0.038123137499619354,0.05375503524856602
50%,0.042551776394844684,0.06132007082032591
75%,0.04743831377677978,0.06990922172984171
max,0.06014725919147711,0.09105810809045345
