,ROA,ROE
mean,0.006654034740717962,0.005527305342239757
std,0.030269927795187425,0.05782376995293392
min,-0.02716093997526394,-0.059767513614406687
25%,-0.019160204083537368,-0.03663491334335361
50%,0.004345950758246537,-0.004136988089564253
75%,0.02474904987553348,0.03447960971593414
max,0.061041154512536264,0.11961817551065865
