,ROA,ROE
mean,0.02061914375419221,0.03676733928755656
std,0.006948314823458888,0.015222545239793658
min,0.008286920921605174,0.01120829206251371
25%,0.015635454865666868,0.025718475322860115
50%,0.020701427303328104,0.033124325333399054
75%,0.02354757364412467,0.047714509902719186
max,0.039245870727874846,0.07020787625473751
