,ROA,ROE
mean,0.032129912156958096,0.0436366739433296
std,0.007354166781806771,0.021117231861315786
min,0.014173965118554661,-0.0027906545698295924
25%,0.026588197485528972,0.029963561422597214
50%,0.032155227571150795,0.04563501187810814
75%,0.03597421523642804,0.05728364752112559
max,0.04775175438312333,0.08087040042981916
