,ROA,ROE
mean,0.036131030271725095,0.05937019877862054
std,0.007469742258357394,0.01587145638989785
min,0.020944412231575553,0.021791880843505272
25%,0.030537585008496196,0.051141047096096404
50%,0.035695147884798224,0.06043296363206899
75%,0.04121742824257213,0.06929575613867538
max,0.05533637397972736,0.0990740464206327
