Rentabilidade,Teste,Estatística,Valor p
ROA,Teste t,5.126953721661929,4.998045111540074e-06
ROA,Teste H,19.772552973157854,8.72263082896072e-06
ROE,Teste t,12.48174821145465,7.832484563222529e-17
ROE,Teste H,67.19036923686242,2.465154281649146e-16
