,ROA,ROE
mean,0.011464766980884333,-0.0460872837686176
std,0.017880216886914328,0.28943658172014913
min,-0.006329842528668952,-0.7484391753386519
25%,-0.0036664730552027945,0.00025207409575170054
50%,0.008606514818532288,0.035082929961856565
75%,0.020648743190762014,0.06830648780560494
max,0.04487923889738043,0.16518100826040602
