,ROA,ROE
mean,0.018964325292453243,0.047388296288817466
std,0.004451646120529496,0.10016790070421062
min,0.009112894716222382,-0.1353597143750313
25%,0.015638708212452893,-0.02032481200001561
50%,0.018551448304854026,0.03662378820931356
75%,0.02308279958918458,0.10374389172147114
max,0.026428155042084622,0.3104622243992343
