,ROA,ROE
mean,0.017995394743604332,0.05959690168409459
std,0.003977288775028372,0.11676728861799382
min,0.011923036793777873,-0.1353597143750313
25%,0.014404815037203351,-0.02728453213209847
50%,0.017547386993055896,0.04142660518797839
75%,0.021384022460910763,0.1581857281950181
max,0.028136947125552973,0.31361056539134124
