Rentabilidade,Teste,Estatística,Valor p
ROA,Teste t,16.444377132813273,1.3876263333670939e-21
ROA,Teste H,73.7842668634899,8.713837363841061e-18
ROE,Teste t,0.5585582283366995,0.579006927860308
ROE,Teste H,0.00019010357284090102,0.9889992716333762
