,ROA,ROE
mean,0.012393315332947151,-0.06560948832089804
std,0.008121268551075896,0.13039790865231748
min,-0.0062856747449483085,-0.3564732133924705
25%,0.007118435120997698,-0.16345943473045968
50%,0.011817871815093401,-0.10384700408147213
75%,0.016447599642227747,0.04924027944404631
max,0.03582473238656785,0.12049721295370355
