,ROA,ROE
mean,0.035234862590401164,0.06179741512754262
std,0.016708020931831956,0.03531997923375528
min,0.015893554390585655,0.012920386229744337
25%,0.024112047017324757,0.031811987219057626
50%,0.033842253571679984,0.062441789755957836
75%,0.041081597652491045,0.08485390102844448
max,0.06750230465381386,0.11219254486554234
