,ROA,ROE
mean,0.04987807277178608,0.08804544201833338
std,0.018807575783224423,0.029757005723973436
min,0.012150486688600744,0.016108517102985852
25%,0.03648892965485369,0.06863037029735986
50%,0.049752810357749505,0.0927127467551919
75%,0.06378437457490264,0.10752298852244221
max,0.08914787087172003,0.1394826798391631
