,ROA,ROE
mean,0.08782614535253316,0.07333504272010427
std,0.11445005190194533,0.40764717446069004
min,-0.029095212251736852,-0.6451202122987405
25%,0.0036333203493169822,-0.1288382081740408
50%,0.04631205354076977,0.02537612326528517
75%,0.17553444204659216,0.3951329982223588
max,0.28175773579191765,0.6222841854239283
