,ROA,ROE
mean,0.03371113006016088,0.0850293498938956
std,0.0085096879560312,0.024441481518536663
min,0.016496963262299616,0.04479806659002426
25%,0.027408366204571745,0.0669786427648453
50%,0.03439185235513723,0.08233847552685436
75%,0.039907741999961,0.10226517063340186
max,0.056333843053476745,0.14685293742544459
