Rentabilidade,Teste,Estatística,Valor p
ROA,Teste t,3.6022766051666526,0.0007355612226414327
ROA,Teste H,10.100553405224433,0.0014822480592942373
ROE,Teste t,5.670045877423604,7.513363829197683e-07
ROE,Teste H,24.706649143968207,6.675347864554596e-07
