,ROA,ROE
mean,0.020881002601350476,0.06431230229726653
std,0.019070691898859533,0.19961139081831375
min,-0.0005242144223158124,-0.3356876957282391
25%,0.0064057255894911305,0.0531509128671302
50%,0.01697638726112627,0.0734860302792866
75%,0.03421811687819547,0.10204365901121115
max,0.049342631674655475,0.40271670467272264
