Rentabilidade,Teste,Estatística,Valor p
ROA,Teste t,-11.803706933277914,6.187785633646011e-16
ROA,Teste H,63.07407393182912,1.9907728446607268e-15
ROE,Teste t,-13.131531682216998,1.1421316518103405e-17
ROE,Teste H,70.73796393531156,4.079658468019578e-17
