,ROA,ROE
mean,0.015971387432574643,0.025415723692195257
std,0.005554106062102236,0.011385948706295335
min,0.005356200659673479,-0.0020019884293949286
25%,0.011920523765217092,0.019999229281087993
50%,0.014595585247533275,0.025456799125907658
75%,0.020297005620326908,0.031771905317937735
max,0.027374065938558505,0.05295592007038958
