,ROA,ROE
mean,0.05279454457596836,0.08966434207060875
std,0.018697824624135474,0.029934390002179123
min,0.01859585426101081,0.020629009096648408
25%,0.03839193871723508,0.07253208434111658
50%,0.05319114074677907,0.0911701193945402
75%,0.06398204405849159,0.1089678539549501
max,0.08718255558508095,0.15387250634677882
