,ROA,ROE
mean,0.012300339535767724,-0.0533831536147267
std,0.009486963210639542,0.12103696557223535
min,-0.0025820786829691836,-0.36226785317615773
25%,0.0039782156881399255,-0.14633975288253015
50%,0.011831546323992859,0.00038745010766027036
75%,0.01835396888724004,0.05580676507230132
max,0.03369095575428708,0.10033687840705843
