,ROA,ROE
mean,0.056829871890750894,0.09268910505053803
std,0.014694522325143365,0.023459825115546916
min,0.02422443617543941,0.048926243023700716
25%,0.045884173352081906,0.07610685972001831
50%,0.054413892147964577,0.09179014733388485
75%,0.06572867615986944,0.1051864260127253
max,0.09315153141364589,0.166219185591784
