,ROA,ROE
mean,0.09790965589199882,0.05397186774506964
std,0.04491511098358338,0.17432482652417777
min,0.004109781838218161,-0.37532844903196755
25%,0.0689447790439631,-0.08020295214760939
50%,0.09312764493359829,0.08548089281951055
75%,0.12130254321974182,0.16945466629887057
max,0.19120580028195827,0.42869594779363596
