,ROA,ROE
mean,0.02137633858831377,0.004235879639997293
std,0.019809022430574703,0.058331501258633685
min,-0.01634477288210668,-0.122616680699108
25%,0.008059548435044075,-0.03855565860692622
50%,0.024514912156645544,0.015227579969615258
75%,0.03492738923417033,0.03414798699152519
max,0.075812415731719,0.10345033344608087
