,ROA,ROE
mean,0.014185567106293111,0.02020134505562411
std,0.006101915271886621,0.010448931608457251
min,0.0012892129637177905,6.545545772179522e-05
25%,0.010805890228179607,0.01172393932401521
50%,0.012826677538790349,0.020352248004797877
75%,0.016877808296918675,0.027857448198312065
max,0.02685394159672999,0.0478006200927631
