,ROA,ROE
mean,0.014595585247533276,0.025096121162389642
std,0.011158360728059846,0.02301963747423219
min,0.0011939605405905417,-0.008687161179440043
25%,0.0059049271601080075,0.0127929968614401
50%,0.013325966972974591,0.02265362914774125
75%,0.024161061240563404,0.041911298817194034
max,0.02950069262938457,0.056004515081474526
