,ROA,ROE
mean,0.04462880551563189,0.04457227468920798
std,0.021497841768149024,0.032499934718296
min,0.017760125167203253,-0.019088029108737796
25%,0.026161676822541943,0.03432259483036723
50%,0.04628042855661012,0.045693081320387616
75%,0.05762032084233464,0.06255918020519206
max,0.07422915737462152,0.08897483391419388
